id,ball1,ball2,ball3,ball4,slot,slotSequence
1,1,2,3,4,1,1
2,1,2,3,5,6,1
3,1,2,3,6,3,1
4,1,2,3,7,11,1
5,1,2,3,8,4,1
6,1,2,3,9,2,1
7,1,2,3,10,8,1
8,1,2,3,11,1,2
9,1,2,3,12,1,3
10,1,2,3,13,10,1
11,1,2,3,14,3,2
12,1,2,4,5,5,1
13,1,2,4,6,3,3
14,1,2,4,7,3,4
15,1,2,4,8,2,2
16,1,2,4,9,7,1
17,1,2,4,10,2,3
18,1,2,4,11,2,4
19,1,2,4,12,5,2
20,1,2,4,13,5,3
21,1,2,4,14,6,2
22,1,2,5,6,13,1
23,1,2,5,7,1,4
24,1,2,5,8,3,5
25,1,2,5,9,6,3
26,1,2,5,10,4,2
27,1,2,5,11,13,2
28,1,2,5,12,4,3
29,1,2,5,13,1,5
30,1,2,5,14,6,4
31,1,2,6,7,5,4
32,1,2,6,8,4,4
33,1,2,6,9,3,6
34,1,2,6,10,7,2
35,1,2,6,11,11,2
36,1,2,6,12,4,5
37,1,2,6,13,2,5
38,1,2,6,14,2,6
39,1,2,7,8,10,2
40,1,2,7,9,6,5
41,1,2,7,10,11,3
42,1,2,7,11,1,6
43,1,2,7,12,6,6
44,1,2,7,13,10,3
45,1,2,7,14,7,3
46,1,2,8,9,8,2
47,1,2,8,10,2,7
48,1,2,8,11,2,8
49,1,2,8,12,10,4
50,1,2,8,13,3,7
51,1,2,8,14,3,8
52,1,2,9,10,3,9
53,1,2,9,11,2,9
54,1,2,9,12,7,4
55,1,2,9,13,6,7
56,1,2,9,14,3,10
57,1,2,10,11,2,10
58,1,2,10,12,2,11
59,1,2,10,13,4,6
60,1,2,10,14,3,11
61,1,2,11,12,8,3
62,1,2,11,13,1,7
63,1,2,11,14,1,8
64,1,2,12,13,4,7
65,1,2,12,14,1,9
66,1,2,13,14,1,10
67,1,3,4,5,1,11
68,1,3,4,6,1,12
69,1,3,4,7,11,4
70,1,3,4,8,9,1
71,1,3,4,9,6,8
72,1,3,4,10,5,5
73,1,3,4,11,3,12
74,1,3,4,12,3,13
75,1,3,4,13,13,3
76,1,3,4,14,2,12
77,1,3,5,6,1,13
78,1,3,5,7,5,6
79,1,3,5,8,1,14
80,1,3,5,9,1,15
81,1,3,5,10,9,2
82,1,3,5,11,9,3
83,1,3,5,12,3,14
84,1,3,5,13,4,8
85,1,3,5,14,5,7
86,1,3,6,7,9,4
87,1,3,6,8,1,16
88,1,3,6,9,2,13
89,1,3,6,10,3,15
90,1,3,6,11,5,8
91,1,3,6,12,1,17
92,1,3,6,13,11,5
93,1,3,6,14,4,9
94,1,3,7,8,1,18
95,1,3,7,9,1,19
96,1,3,7,10,4,10
97,1,3,7,11,9,5
98,1,3,7,12,1,20
99,1,3,7,13,15,1
100,1,3,7,14,1,21
101,1,3,8,9,7,5
102,1,3,8,10,9,6
103,1,3,8,11,1,22
104,1,3,8,12,8,4
105,1,3,8,13,6,9
106,1,3,8,14,3,16
107,1,3,9,10,4,11
108,1,3,9,11,6,10
109,1,3,9,12,4,12
110,1,3,9,13,5,9
111,1,3,9,14,5,10
112,1,3,10,11,10,5
113,1,3,10,12,1,23
114,1,3,10,13,2,14
115,1,3,10,14,2,15
116,1,3,11,12,1,24
117,1,3,11,13,4,13
118,1,3,11,14,6,11
119,1,3,12,13,8,5
120,1,3,12,14,1,25
121,1,3,13,14,7,6
122,1,4,5,6,1,26
123,1,4,5,7,7,7
124,1,4,5,8,4,14
125,1,4,5,9,2,16
126,1,4,5,10,4,15
127,1,4,5,11,7,8
128,1,4,5,12,8,6
129,1,4,5,13,2,17
130,1,4,5,14,9,7
131,1,4,6,7,9,8
132,1,4,6,8,2,18
133,1,4,6,9,12,1
134,1,4,6,10,1,27
135,1,4,6,11,3,17
136,1,4,6,12,8,7
137,1,4,6,13,1,28
138,1,4,6,14,2,19
139,1,4,7,8,5,11
140,1,4,7,9,4,16
141,1,4,7,10,4,17
142,1,4,7,11,1,29
143,1,4,7,12,3,18
144,1,4,7,13,10,6
145,1,4,7,14,1,30
146,1,4,8,9,10,7
147,1,4,8,10,3,19
148,1,4,8,11,2,20
149,1,4,8,12,4,18
150,1,4,8,13,7,9
151,1,4,8,14,1,31
152,1,4,9,10,2,21
153,1,4,9,11,1,32
154,1,4,9,12,9,9
155,1,4,9,13,4,19
156,1,4,9,14,10,8
157,1,4,10,11,3,20
158,1,4,10,12,3,21
159,1,4,10,13,2,22
160,1,4,10,14,10,9
161,1,4,11,12,7,10
162,1,4,11,13,12,2
163,1,4,11,14,14,1
164,1,4,12,13,4,20
165,1,4,12,14,3,22
166,1,4,13,14,3,23
167,1,5,6,7,11,6
168,1,5,6,8,10,10
169,1,5,6,9,9,10
170,1,5,6,10,5,12
171,1,5,6,11,14,2
172,1,5,6,12,6,12
173,1,5,6,13,3,24
174,1,5,6,14,4,21
175,1,5,7,8,8,8
176,1,5,7,9,13,4
177,1,5,7,10,5,13
178,1,5,7,11,8,9
179,1,5,7,12,1,33
180,1,5,7,13,2,23
181,1,5,7,14,7,11
182,1,5,8,9,6,13
183,1,5,8,10,5,14
184,1,5,8,11,4,22
185,1,5,8,12,1,34
186,1,5,8,13,9,11
187,1,5,8,14,1,35
188,1,5,9,10,5,15
189,1,5,9,11,4,23
190,1,5,9,12,1,36
191,1,5,9,13,2,24
192,1,5,9,14,4,24
193,1,5,10,11,1,37
194,1,5,10,12,1,38
195,1,5,10,13,7,12
196,1,5,10,14,5,16
197,1,5,11,12,13,5
198,1,5,11,13,3,25
199,1,5,11,14,3,26
200,1,5,12,13,1,39
201,1,5,12,14,1,40
202,1,5,13,14,1,41
203,1,6,7,8,1,42
204,1,6,7,9,4,25
205,1,6,7,10,11,7
206,1,6,7,11,13,6
207,1,6,7,12,1,43
208,1,6,7,13,6,14
209,1,6,7,14,5,17
210,1,6,8,9,14,3
211,1,6,8,10,1,44
212,1,6,8,11,4,26
213,1,6,8,12,8,10
214,1,6,8,13,2,25
215,1,6,8,14,12,3
216,1,6,9,10,8,11
217,1,6,9,11,8,12
218,1,6,9,12,2,26
219,1,6,9,13,4,27
220,1,6,9,14,4,28
221,1,6,10,11,9,12
222,1,6,10,12,4,29
223,1,6,10,13,8,13
224,1,6,10,14,9,13
225,1,6,11,12,3,27
226,1,6,11,13,7,13
227,1,6,11,14,3,28
228,1,6,12,13,9,14
229,1,6,12,14,6,15
230,1,6,13,14,3,29
231,1,7,8,9,11,8
232,1,7,8,10,1,45
233,1,7,8,11,1,46
234,1,7,8,12,6,16
235,1,7,8,13,7,14
236,1,7,8,14,3,30
237,1,7,9,10,3,31
238,1,7,9,11,9,15
239,1,7,9,12,7,15
240,1,7,9,13,1,47
241,1,7,9,14,1,48
242,1,7,10,11,6,17
243,1,7,10,12,10,11
244,1,7,10,13,1,49
245,1,7,10,14,1,50
246,1,7,11,12,4,30
247,1,7,11,13,14,4
248,1,7,11,14,5,18
249,1,7,12,13,9,16
250,1,7,12,14,15,2
251,1,7,13,14,4,31
252,1,8,9,10,11,9
253,1,8,9,11,4,32
254,1,8,9,12,1,51
255,1,8,9,13,10,12
256,1,8,9,14,6,18
257,1,8,10,11,5,19
258,1,8,10,12,6,19
259,1,8,10,13,5,20
260,1,8,10,14,8,14
261,1,8,11,12,1,52
262,1,8,11,13,3,32
263,1,8,11,14,4,33
264,1,8,12,13,1,53
265,1,8,12,14,5,21
266,1,8,13,14,7,16
267,1,9,10,11,2,27
268,1,9,10,12,2,28
269,1,9,10,13,6,20
270,1,9,10,14,3,33
271,1,9,11,12,1,54
272,1,9,11,13,5,22
273,1,9,11,14,6,21
274,1,9,12,13,5,23
275,1,9,12,14,3,34
276,1,9,13,14,1,55
277,1,10,11,12,8,15
278,1,10,11,13,1,56
279,1,10,11,14,1,57
280,1,10,12,13,7,17
281,1,10,12,14,1,58
282,1,10,13,14,2,29
283,1,11,12,13,3,35
284,1,11,12,14,5,24
285,1,11,13,14,1,59
286,1,12,13,14,1,60
287,2,3,4,5,5,25
288,2,3,4,6,7,18
289,2,3,4,7,6,22
290,2,3,4,8,6,23
291,2,3,4,9,8,16
292,2,3,4,10,9,17
293,2,3,4,11,5,26
294,2,3,4,12,12,4
295,2,3,4,13,2,30
296,2,3,4,14,5,27
297,2,3,5,6,4,34
298,2,3,5,7,8,17
299,2,3,5,8,6,24
300,2,3,5,9,3,36
301,2,3,5,10,2,31
302,2,3,5,11,2,32
303,2,3,5,12,8,18
304,2,3,5,13,5,28
305,2,3,5,14,1,61
306,2,3,6,7,6,25
307,2,3,6,8,4,35
308,2,3,6,9,3,37
309,2,3,6,10,8,19
310,2,3,6,11,1,62
311,2,3,6,12,2,33
312,2,3,6,13,1,63
313,2,3,6,14,5,29
314,2,3,7,8,10,13
315,2,3,7,9,3,38
316,2,3,7,10,3,39
317,2,3,7,11,9,18
318,2,3,7,12,7,19
319,2,3,7,13,13,7
320,2,3,7,14,1,64
321,2,3,8,9,2,34
322,2,3,8,10,2,35
323,2,3,8,11,9,19
324,2,3,8,12,2,36
325,2,3,8,13,12,5
326,2,3,8,14,12,6
327,2,3,9,10,5,30
328,2,3,9,11,4,36
329,2,3,9,12,5,31
330,2,3,9,13,4,37
331,2,3,9,14,6,26
332,2,3,10,11,15,3
333,2,3,10,12,9,20
334,2,3,10,13,10,14
335,2,3,10,14,8,20
336,2,3,11,12,6,27
337,2,3,11,13,7,20
338,2,3,11,14,11,10
339,2,3,12,13,13,8
340,2,3,12,14,1,65
341,2,3,13,14,10,15
342,2,4,5,6,1,66
343,2,4,5,7,14,5
344,2,4,5,8,10,16
345,2,4,5,9,5,32
346,2,4,5,10,9,21
347,2,4,5,11,2,37
348,2,4,5,12,7,21
349,2,4,5,13,2,38
350,2,4,5,14,3,40
351,2,4,6,7,2,39
352,2,4,6,8,3,41
353,2,4,6,9,3,42
354,2,4,6,10,3,43
355,2,4,6,11,4,38
356,2,4,6,12,2,40
357,2,4,6,13,2,41
358,2,4,6,14,8,21
359,2,4,7,8,8,22
360,2,4,7,9,3,44
361,2,4,7,10,4,39
362,2,4,7,11,6,28
363,2,4,7,12,3,45
364,2,4,7,13,1,67
365,2,4,7,14,2,42
366,2,4,8,9,7,22
367,2,4,8,10,1,68
368,2,4,8,11,1,69
369,2,4,8,12,2,43
370,2,4,8,13,1,70
371,2,4,8,14,5,33
372,2,4,9,10,9,22
373,2,4,9,11,1,71
374,2,4,9,12,8,23
375,2,4,9,13,7,23
376,2,4,9,14,1,72
377,2,4,10,11,5,34
378,2,4,10,12,4,40
379,2,4,10,13,7,24
380,2,4,10,14,1,73
381,2,4,11,12,1,74
382,2,4,11,13,2,44
383,2,4,11,14,4,41
384,2,4,12,13,6,29
385,2,4,12,14,2,45
386,2,4,13,14,10,17
387,2,5,6,7,1,75
388,2,5,6,8,6,30
389,2,5,6,9,1,76
390,2,5,6,10,2,46
391,2,5,6,11,4,42
392,2,5,6,12,7,25
393,2,5,6,13,8,24
394,2,5,6,14,8,25
395,2,5,7,8,6,31
396,2,5,7,9,3,46
397,2,5,7,10,9,23
398,2,5,7,11,1,77
399,2,5,7,12,6,32
400,2,5,7,13,11,11
401,2,5,7,14,6,33
402,2,5,8,9,9,24
403,2,5,8,10,11,12
404,2,5,8,11,2,47
405,2,5,8,12,9,25
406,2,5,8,13,5,35
407,2,5,8,14,9,26
408,2,5,9,10,8,26
409,2,5,9,11,3,47
410,2,5,9,12,8,27
411,2,5,9,13,8,28
412,2,5,9,14,2,48
413,2,5,10,11,2,49
414,2,5,10,12,1,78
415,2,5,10,13,3,48
416,2,5,10,14,9,27
417,2,5,11,12,4,43
418,2,5,11,13,12,7
419,2,5,11,14,1,79
420,2,5,12,13,5,36
421,2,5,12,14,1,80
422,2,5,13,14,9,28
423,2,6,7,8,2,50
424,2,6,7,9,4,44
425,2,6,7,10,1,81
426,2,6,7,11,2,51
427,2,6,7,12,4,45
428,2,6,7,13,6,34
429,2,6,7,14,2,52
430,2,6,8,9,10,18
431,2,6,8,10,10,19
432,2,6,8,11,1,82
433,2,6,8,12,2,53
434,2,6,8,13,1,83
435,2,6,8,14,8,29
436,2,6,9,10,6,35
437,2,6,9,11,5,37
438,2,6,9,12,2,54
439,2,6,9,13,2,55
440,2,6,9,14,3,49
441,2,6,10,11,1,84
442,2,6,10,12,2,56
443,2,6,10,13,4,46
444,2,6,10,14,12,8
445,2,6,11,12,8,30
446,2,6,11,13,5,38
447,2,6,11,14,3,50
448,2,6,12,13,5,39
449,2,6,12,14,7,26
450,2,6,13,14,3,51
451,2,7,8,9,5,40
452,2,7,8,10,8,31
453,2,7,8,11,7,27
454,2,7,8,12,11,13
455,2,7,8,13,8,32
456,2,7,8,14,1,85
457,2,7,9,10,12,9
458,2,7,9,11,3,52
459,2,7,9,12,8,33
460,2,7,9,13,6,36
461,2,7,9,14,1,86
462,2,7,10,11,4,47
463,2,7,10,12,1,87
464,2,7,10,13,6,37
465,2,7,10,14,6,38
466,2,7,11,12,5,41
467,2,7,11,13,1,88
468,2,7,11,14,3,53
469,2,7,12,13,2,57
470,2,7,12,14,3,54
471,2,7,13,14,7,28
472,2,8,9,10,8,34
473,2,8,9,11,5,42
474,2,8,9,12,5,43
475,2,8,9,13,1,89
476,2,8,9,14,2,58
477,2,8,10,11,5,44
478,2,8,10,12,2,59
479,2,8,10,13,7,29
480,2,8,10,14,4,48
481,2,8,11,12,5,45
482,2,8,11,13,6,39
483,2,8,11,14,2,60
484,2,8,12,13,5,46
485,2,8,12,14,14,6
486,2,8,13,14,6,40
487,2,9,10,11,7,30
488,2,9,10,12,7,31
489,2,9,10,13,2,61
490,2,9,10,14,6,41
491,2,9,11,12,9,29
492,2,9,11,13,2,62
493,2,9,11,14,4,49
494,2,9,12,13,13,9
495,2,9,12,14,1,90
496,2,9,13,14,3,55
497,2,10,11,12,11,14
498,2,10,11,13,2,63
499,2,10,11,14,4,50
500,2,10,12,13,3,56
501,2,10,12,14,2,64
502,2,10,13,14,14,7
503,2,11,12,13,1,91
504,2,11,12,14,9,30
505,2,11,13,14,2,65
506,2,12,13,14,13,10
507,3,4,5,6,10,20
508,3,4,5,7,1,92
509,3,4,5,8,7,32
510,3,4,5,9,8,35
511,3,4,5,10,5,47
512,3,4,5,11,1,93
513,3,4,5,12,5,48
514,3,4,5,13,4,51
515,3,4,5,14,2,66
516,3,4,6,7,9,31
517,3,4,6,8,1,94
518,3,4,6,9,3,57
519,3,4,6,10,2,67
520,3,4,6,11,2,68
521,3,4,6,12,8,36
522,3,4,6,13,11,15
523,3,4,6,14,7,33
524,3,4,7,8,4,52
525,3,4,7,9,8,37
526,3,4,7,10,2,69
527,3,4,7,11,9,32
528,3,4,7,12,7,34
529,3,4,7,13,7,35
530,3,4,7,14,1,95
531,3,4,8,9,3,58
532,3,4,8,10,3,59
533,3,4,8,11,1,96
534,3,4,8,12,11,16
535,3,4,8,13,10,21
536,3,4,8,14,6,42
537,3,4,9,10,8,38
538,3,4,9,11,9,33
539,3,4,9,12,9,34
540,3,4,9,13,10,22
541,3,4,9,14,2,70
542,3,4,10,11,5,49
543,3,4,10,12,16,1
544,3,4,10,13,1,97
545,3,4,10,14,2,71
546,3,4,11,12,5,50
547,3,4,11,13,3,60
548,3,4,11,14,6,43
549,3,4,12,13,3,61
550,3,4,12,14,1,98
551,3,4,13,14,11,17
552,3,5,6,7,2,72
553,3,5,6,8,7,36
554,3,5,6,9,1,99
555,3,5,6,10,14,8
556,3,5,6,11,3,62
557,3,5,6,12,2,73
558,3,5,6,13,1,100
559,3,5,6,14,1,101
560,3,5,7,8,3,63
561,3,5,7,9,2,74
562,3,5,7,10,2,75
563,3,5,7,11,1,102
564,3,5,7,12,7,37
565,3,5,7,13,3,64
566,3,5,7,14,3,65
567,3,5,8,9,1,103
568,3,5,8,10,8,39
569,3,5,8,11,1,104
570,3,5,8,12,4,53
571,3,5,8,13,2,76
572,3,5,8,14,2,77
573,3,5,9,10,3,66
574,3,5,9,11,1,105
575,3,5,9,12,5,51
576,3,5,9,13,9,35
577,3,5,9,14,3,67
578,3,5,10,11,10,23
579,3,5,10,12,3,68
580,3,5,10,13,8,40
581,3,5,10,14,3,69
582,3,5,11,12,1,106
583,3,5,11,13,2,78
584,3,5,11,14,1,107
585,3,5,12,13,1,108
586,3,5,12,14,1,109
587,3,5,13,14,2,79
588,3,6,7,8,4,54
589,3,6,7,9,2,80
590,3,6,7,10,1,110
591,3,6,7,11,3,70
592,3,6,7,12,7,38
593,3,6,7,13,8,41
594,3,6,7,14,4,55
595,3,6,8,9,1,111
596,3,6,8,10,12,10
597,3,6,8,11,7,39
598,3,6,8,12,5,52
599,3,6,8,13,4,56
600,3,6,8,14,10,24
601,3,6,9,10,1,112
602,3,6,9,11,12,11
603,3,6,9,12,3,71
604,3,6,9,13,2,81
605,3,6,9,14,1,113
606,3,6,10,11,7,40
607,3,6,10,12,6,44
608,3,6,10,13,2,82
609,3,6,10,14,8,42
610,3,6,11,12,4,57
611,3,6,11,13,6,45
612,3,6,11,14,7,41
613,3,6,12,13,12,12
614,3,6,12,14,3,72
615,3,6,13,14,13,11
616,3,7,8,9,3,73
617,3,7,8,10,6,46
618,3,7,8,11,1,114
619,3,7,8,12,12,13
620,3,7,8,13,6,47
621,3,7,8,14,3,74
622,3,7,9,10,9,36
623,3,7,9,11,2,83
624,3,7,9,12,1,115
625,3,7,9,13,10,25
626,3,7,9,14,8,43
627,3,7,10,11,2,84
628,3,7,10,12,3,75
629,3,7,10,13,12,14
630,3,7,10,14,1,116
631,3,7,11,12,4,58
632,3,7,11,13,8,44
633,3,7,11,14,2,85
634,3,7,12,13,10,26
635,3,7,12,14,8,45
636,3,7,13,14,4,59
637,3,8,9,10,6,48
638,3,8,9,11,7,42
639,3,8,9,12,5,53
640,3,8,9,13,4,60
641,3,8,9,14,11,18
642,3,8,10,11,2,86
643,3,8,10,12,1,117
644,3,8,10,13,3,76
645,3,8,10,14,1,118
646,3,8,11,12,8,46
647,3,8,11,13,2,87
648,3,8,11,14,6,49
649,3,8,12,13,5,54
650,3,8,12,14,13,12
651,3,8,13,14,2,88
652,3,9,10,11,14,9
653,3,9,10,12,4,61
654,3,9,10,13,2,89
655,3,9,10,14,10,27
656,3,9,11,12,6,50
657,3,9,11,13,8,47
658,3,9,11,14,3,77
659,3,9,12,13,8,48
660,3,9,12,14,1,119
661,3,9,13,14,1,120
662,3,10,11,12,1,121
663,3,10,11,13,1,122
664,3,10,11,14,13,13
665,3,10,12,13,15,4
666,3,10,12,14,4,62
667,3,10,13,14,3,78
668,3,11,12,13,2,90
669,3,11,12,14,4,63
670,3,11,13,14,1,123
671,3,12,13,14,5,55
672,4,5,6,7,5,56
673,4,5,6,8,3,79
674,4,5,6,9,11,19
675,4,5,6,10,10,28
676,4,5,6,11,10,29
677,4,5,6,12,6,51
678,4,5,6,13,1,124
679,4,5,6,14,1,125
680,4,5,7,8,3,80
681,4,5,7,9,3,81
682,4,5,7,10,9,37
683,4,5,7,11,1,126
684,4,5,7,12,10,30
685,4,5,7,13,5,57
686,4,5,7,14,1,127
687,4,5,8,9,7,43
688,4,5,8,10,3,82
689,4,5,8,11,13,14
690,4,5,8,12,1,128
691,4,5,8,13,1,129
692,4,5,8,14,13,15
693,4,5,9,10,3,83
694,4,5,9,11,2,91
695,4,5,9,12,4,64
696,4,5,9,13,3,84
697,4,5,9,14,2,92
698,4,5,10,11,1,130
699,4,5,10,12,4,65
700,4,5,10,13,6,52
701,4,5,10,14,7,44
702,4,5,11,12,2,93
703,4,5,11,13,5,58
704,4,5,11,14,14,10
705,4,5,12,13,1,131
706,4,5,12,14,5,59
707,4,5,13,14,11,20
708,4,6,7,8,3,85
709,4,6,7,9,1,132
710,4,6,7,10,8,49
711,4,6,7,11,3,86
712,4,6,7,12,11,21
713,4,6,7,13,1,133
714,4,6,7,14,12,15
715,4,6,8,9,1,134
716,4,6,8,10,1,135
717,4,6,8,11,1,136
718,4,6,8,12,7,45
719,4,6,8,13,1,137
720,4,6,8,14,9,38
721,4,6,9,10,1,138
722,4,6,9,11,1,139
723,4,6,9,12,7,46
724,4,6,9,13,1,140
725,4,6,9,14,13,16
726,4,6,10,11,1,141
727,4,6,10,12,2,94
728,4,6,10,13,4,66
729,4,6,10,14,1,142
730,4,6,11,12,3,87
731,4,6,11,13,2,95
732,4,6,11,14,9,39
733,4,6,12,13,2,96
734,4,6,12,14,4,67
735,4,6,13,14,9,40
736,4,7,8,9,1,143
737,4,7,8,10,7,47
738,4,7,8,11,2,97
739,4,7,8,12,8,50
740,4,7,8,13,3,88
741,4,7,8,14,10,31
742,4,7,9,10,3,89
743,4,7,9,11,10,32
744,4,7,9,12,4,68
745,4,7,9,13,5,60
746,4,7,9,14,8,51
747,4,7,10,11,5,61
748,4,7,10,12,6,53
749,4,7,10,13,3,90
750,4,7,10,14,3,91
751,4,7,11,12,5,62
752,4,7,11,13,5,63
753,4,7,11,14,5,64
754,4,7,12,13,1,144
755,4,7,12,14,6,54
756,4,7,13,14,2,98
757,4,8,9,10,1,145
758,4,8,9,11,1,146
759,4,8,9,12,1,147
760,4,8,9,13,6,55
761,4,8,9,14,7,48
762,4,8,10,11,2,99
763,4,8,10,12,2,100
764,4,8,10,13,6,56
765,4,8,10,14,11,22
766,4,8,11,12,1,148
767,4,8,11,13,4,69
768,4,8,11,14,6,57
769,4,8,12,13,9,41
770,4,8,12,14,5,65
771,4,8,13,14,3,92
772,4,9,10,11,5,66
773,4,9,10,12,3,93
774,4,9,10,13,4,70
775,4,9,10,14,1,149
776,4,9,11,12,3,94
777,4,9,11,13,12,16
778,4,9,11,14,11,23
779,4,9,12,13,3,95
780,4,9,12,14,12,17
781,4,9,13,14,3,96
782,4,10,11,12,2,101
783,4,10,11,13,6,58
784,4,10,11,14,2,102
785,4,10,12,13,9,42
786,4,10,12,14,4,71
787,4,10,13,14,8,52
788,4,11,12,13,3,97
789,4,11,12,14,2,103
790,4,11,13,14,3,98
791,4,12,13,14,2,104
792,5,6,7,8,5,67
793,5,6,7,9,3,99
794,5,6,7,10,12,18
795,5,6,7,11,3,100
796,5,6,7,12,7,49
797,5,6,7,13,12,19
798,5,6,7,14,6,59
799,5,6,8,9,4,72
800,5,6,8,10,4,73
801,5,6,8,11,6,60
802,5,6,8,12,1,150
803,5,6,8,13,8,53
804,5,6,8,14,5,68
805,5,6,9,10,14,11
806,5,6,9,11,2,105
807,5,6,9,12,16,2
808,5,6,9,13,4,74
809,5,6,9,14,3,101
810,5,6,10,11,1,151
811,5,6,10,12,4,75
812,5,6,10,13,6,61
813,5,6,10,14,2,106
814,5,6,11,12,4,76
815,5,6,11,13,2,107
816,5,6,11,14,6,62
817,5,6,12,13,4,77
818,5,6,12,14,2,108
819,5,6,13,14,6,63
820,5,7,8,9,6,64
821,5,7,8,10,4,78
822,5,7,8,11,8,54
823,5,7,8,12,2,109
824,5,7,8,13,8,55
825,5,7,8,14,8,56
826,5,7,9,10,2,110
827,5,7,9,11,7,50
828,5,7,9,12,8,57
829,5,7,9,13,1,152
830,5,7,9,14,1,153
831,5,7,10,11,4,79
832,5,7,10,12,2,111
833,5,7,10,13,1,154
834,5,7,10,14,13,17
835,5,7,11,12,14,12
836,5,7,11,13,3,102
837,5,7,11,14,1,155
838,5,7,12,13,3,103
839,5,7,12,14,5,69
840,5,7,13,14,16,3
841,5,8,9,10,2,112
842,5,8,9,11,6,65
843,5,8,9,12,9,43
844,5,8,9,13,1,156
845,5,8,9,14,15,5
846,5,8,10,11,2,113
847,5,8,10,12,1,157
848,5,8,10,13,4,80
849,5,8,10,14,14,13
850,5,8,11,12,7,51
851,5,8,11,13,3,104
852,5,8,11,14,7,52
853,5,8,12,13,16,4
854,5,8,12,14,1,158
855,5,8,13,14,2,114
856,5,9,10,11,2,115
857,5,9,10,12,2,116
858,5,9,10,13,7,53
859,5,9,10,14,12,20
860,5,9,11,12,4,81
861,5,9,11,13,5,70
862,5,9,11,14,10,33
863,5,9,12,13,1,159
864,5,9,12,14,4,82
865,5,9,13,14,16,5
866,5,10,11,12,5,71
867,5,10,11,13,2,117
868,5,10,11,14,2,118
869,5,10,12,13,6,66
870,5,10,12,14,7,54
871,5,10,13,14,11,24
872,5,11,12,13,2,119
873,5,11,12,14,3,105
874,5,11,13,14,1,160
875,5,12,13,14,12,21
876,6,7,8,9,1,161
877,6,7,8,10,4,83
878,6,7,8,11,1,162
879,6,7,8,12,7,55
880,6,7,8,13,1,163
881,6,7,8,14,4,84
882,6,7,9,10,2,120
883,6,7,9,11,7,56
884,6,7,9,12,5,72
885,6,7,9,13,4,85
886,6,7,9,14,6,67
887,6,7,10,11,1,164
888,6,7,10,12,1,165
889,6,7,10,13,2,121
890,6,7,10,14,8,58
891,6,7,11,12,12,22
892,6,7,11,13,1,166
893,6,7,11,14,6,68
894,6,7,12,13,5,73
895,6,7,12,14,14,14
896,6,7,13,14,2,122
897,6,8,9,10,3,106
898,6,8,9,11,9,44
899,6,8,9,12,6,69
900,6,8,9,13,5,74
901,6,8,9,14,3,107
902,6,8,10,11,7,57
903,6,8,10,12,4,86
904,6,8,10,13,9,45
905,6,8,10,14,1,167
906,6,8,11,12,4,87
907,6,8,11,13,2,123
908,6,8,11,14,11,25
909,6,8,12,13,4,88
910,6,8,12,14,4,89
911,6,8,13,14,5,75
912,6,9,10,11,3,108
913,6,9,10,12,2,124
914,6,9,10,13,2,125
915,6,9,10,14,4,90
916,6,9,11,12,2,126
917,6,9,11,13,7,58
918,6,9,11,14,5,76
919,6,9,12,13,3,109
920,6,9,12,14,1,168
921,6,9,13,14,2,127
922,6,10,11,12,12,23
923,6,10,11,13,3,110
924,6,10,11,14,7,59
925,6,10,12,13,11,26
926,6,10,12,14,1,169
927,6,10,13,14,6,70
928,6,11,12,13,1,170
929,6,11,12,14,2,128
930,6,11,13,14,13,18
931,6,12,13,14,5,77
932,7,8,9,10,1,171
933,7,8,9,11,4,91
934,7,8,9,12,6,71
935,7,8,9,13,11,27
936,7,8,9,14,2,129
937,7,8,10,11,3,111
938,7,8,10,12,5,78
939,7,8,10,13,2,130
940,7,8,10,14,4,92
941,7,8,11,12,12,24
942,7,8,11,13,5,79
943,7,8,11,14,7,60
944,7,8,12,13,6,72
945,7,8,12,14,10,34
946,7,8,13,14,1,172
947,7,9,10,11,11,28
948,7,9,10,12,1,173
949,7,9,10,13,1,174
950,7,9,10,14,4,93
951,7,9,11,12,2,131
952,7,9,11,13,1,175
953,7,9,11,14,11,29
954,7,9,12,13,6,73
955,7,9,12,14,9,46
956,7,9,13,14,13,19
957,7,10,11,12,1,176
958,7,10,11,13,5,80
959,7,10,11,14,3,112
960,7,10,12,13,5,81
961,7,10,12,14,5,82
962,7,10,13,14,3,113
963,7,11,12,13,1,177
964,7,11,12,14,1,178
965,7,11,13,14,4,94
966,7,12,13,14,7,61
967,8,9,10,11,9,47
968,8,9,10,12,2,132
969,8,9,10,13,1,179
970,8,9,10,14,13,20
971,8,9,11,12,7,62
972,8,9,11,13,8,59
973,8,9,11,14,1,180
974,8,9,12,13,1,181
975,8,9,12,14,9,48
976,8,9,13,14,6,74
977,8,10,11,12,1,182
978,8,10,11,13,7,63
979,8,10,11,14,14,15
980,8,10,12,13,2,133
981,8,10,12,14,5,83
982,8,10,13,14,3,114
983,8,11,12,13,12,25
984,8,11,12,14,7,64
985,8,11,13,14,8,60
986,8,12,13,14,3,115
987,9,10,11,12,9,49
988,9,10,11,13,2,134
989,9,10,11,14,5,84
990,9,10,12,13,10,35
991,9,10,12,14,4,95
992,9,10,13,14,2,135
993,9,11,12,13,5,85
994,9,11,12,14,1,183
995,9,11,13,14,6,75
996,9,12,13,14,7,65
997,10,11,12,13,1,184
998,10,11,12,14,11,30
999,10,11,13,14,9,50
1000,10,12,13,14,1,185
1001,11,12,13,14,,
