rank,name,pos,league,team,epUrl
1,Landon DuPont,RD,WHL,Michigan,https://www.eliteprospects.com/player/701503/landon-dupont
2,Nazar Privalov,C/LW,KHL,CSKA Moskva,https://www.eliteprospects.com/player/993675/nazar-privalov
3,Sergei Skvortsov,LW,KHL,Torpedo NN,https://www.eliteprospects.com/player/993791/sergei-skvortsov
4,Alexis Joseph,C,QMJHL,Saint John,https://www.eliteprospects.com/player/701451/alexis-joseph
5,Carter Meyer,C,QMJHL,Quebec,https://www.eliteprospects.com/player/978956/carter-meyer
6,Milan Sundström,C,U20 Nationell,MoDo Hockey,https://www.eliteprospects.com/player/1010942/milan-sundstrom
7,Jonah Neuenschwander,F,NL,EHC Biel-Bienne,https://www.eliteprospects.com/player/709625/jonah-neuenschwander
8,Dima Zhilkin,RW,OHL,Saginaw,https://www.eliteprospects.com/player/628093/dima-zhilkin
9,Sammy Nelson,F,USHL,USDP,https://www.eliteprospects.com/player/863816/sammy-nelson
10,Brock England,C,WHL,Seattle,https://www.eliteprospects.com/player/967191/brock-england
11,Brock Cripps,RD,WHL,Prince Albert,https://www.eliteprospects.com/player/701389/brock-cripps
12,Andrei Pustovoy,RW/C,MHL,Loko Yaroslavl,https://www.eliteprospects.com/player/996108/andrei-pustovoi
13,Jaxon Jacobson,C,WHL,Brandon,https://www.eliteprospects.com/player/628056/jaxon-jacobson
14,Timothy Kazda,F,OHL,Guelph,https://www.eliteprospects.com/player/891171/timothy-kazda
15,Noah Davidson,F,WHL,Medicine Hat,https://www.eliteprospects.com/player/871017/noah-davidson
16,Jaakko Wycisk,RW/C,OHL,Guelph,https://www.eliteprospects.com/player/701479/jaakko-wycisk
17,Yevgeni Yakunin,C,MHL,MHK Spartak Moskva,https://www.eliteprospects.com/player/993672/yevgeni-yakunin
18,Bosse Meijer,C,SHL,Frölunda HC,https://www.eliteprospects.com/player/876780/bosse-meijer
19,Luca Santala,F,OHL,London,https://www.eliteprospects.com/player/1009106/luca-santala
20,Jamie Glance,RW/C,QMJHL,Saint John,https://www.eliteprospects.com/player/783136/jamie-glance
21,Shaeffer Gordon-Carroll,F,WHL,Medicine Hat,https://www.eliteprospects.com/player/860250/shaeffer-gordon-carroll
22,Nolan Fitzhenry,C,USHL,USDP,https://www.eliteprospects.com/player/690041/nolan-fitzhenry
23,Petr Tomek,C,Czechia,Karlovy Vary,https://www.eliteprospects.com/player/937109/petr-tomek
24,Malik L'Italien,LD,QMJHL,Halifax,https://www.eliteprospects.com/player/908578/malik-l-italien
25,Diego Gutierrez,RD,USHL,USDP,https://www.eliteprospects.com/player/701427/diego-gutierrez
26,Ryerson Edgar,C,OHL,Niagara,https://www.eliteprospects.com/player/1049432/ryerson-edgar
27,Roberts Naudins,C/LW,WHL,Penticton,https://www.eliteprospects.com/player/1008169/roberts-naudins
28,Vladimir Shtyrkhunov,RD,QMJHL,Shawinigan,https://www.eliteprospects.com/player/993668/vladimir-shtyrkhunov
29,Levi Harper,RD,OHL,Saginaw,https://www.eliteprospects.com/player/747321/levi-harper
30,Tomas Selic,RW,Czechia U20,HC Kometa Brno,https://www.eliteprospects.com/player/958777/tomas-selic
31,Douglas Johnsson,RD,U20 Nationell,Skellefteå AIK,https://www.eliteprospects.com/player/1063798/douglas-johnsson
32,Max Calce,C,DEL,Adler Mannheim,https://www.eliteprospects.com/player/879926/max-calce
33,Boston Tait,LD,WHL,Wenatchee,https://www.eliteprospects.com/player/966908/boston-tait
34,Gunnar Conboy,C,USHL,Green Bay,https://www.eliteprospects.com/player/951205/gunnar-conboy
35,Kohyn Eshkawkogan,RD,OHL,Ottawa,https://www.eliteprospects.com/player/890491/kohyn-eshkawkogan
36,Kayden Stroeder,F,WHL,Edmonton,https://www.eliteprospects.com/player/966892/kayden-stroeder
37,Gavin Burcar,F,WHL,Spokane,https://www.eliteprospects.com/player/956634/gavin-burcar
38,Maxmilian Mares,F,QMJHL,Rimouski,https://www.eliteprospects.com/player/933159/maxmilian-mares
39,Aleks Kulemin,C,OHL,Kingston,https://www.eliteprospects.com/player/1092115/aleks-kulemin
40,Dorian Eklund Aspe,F,U20 Nationell,Djurgårdens IF,https://www.eliteprospects.com/player/971366/dorian-eklund-aspe
41,Johnny McLaughlin,F,OHL,Windsor,https://www.eliteprospects.com/player/968256/johnny-mclaughlin
42,Ben Geiger,RD,USHL,USDP,https://www.eliteprospects.com/player/690042/ben-geiger
43,Lenni Kokkonen,RD,U20 SM-sarja,Kärpät,https://www.eliteprospects.com/player/1113813/lenni-kokkonen
44,Daniil Yermolov,F,MHL,Krasnaya Armiya,https://www.eliteprospects.com/player/993670/daniil-yermolov
45,David Huk,C,WHL,Tri-City,https://www.eliteprospects.com/player/977169/david-huk
46,Cooper McAslan,RD,OHL,London,https://www.eliteprospects.com/player/1022082/cooper-mcaslan
47,James Scantlebury,C,QMJHL,Quebec,https://www.eliteprospects.com/player/701457/james-scantlebury
48,Oliver Botka,LD,Slovak,HK Nitra,https://www.eliteprospects.com/player/961122/oliver-botka
49,Filip Kovalcik,LD,QMJHL,Drummondville,https://www.eliteprospects.com/player/958724/filip-kovalcik
50,Oskars Lūks,LD,WHL,Prince Albert,https://www.eliteprospects.com/player/955081/oskars-luks
51,Lukas Kachlir,RD,Czechia U20,Liberec,https://www.eliteprospects.com/player/917756/lukas-kachlir
52,Michal Hartl,F,Czechia U20,HC Kometa Brno,https://www.eliteprospects.com/player/982803/michal-hartl
53,Eric Tu,G,WHL,Calgary,https://www.eliteprospects.com/player/885753/eric-tu
54,Roni Kuukasjärvi,RD,U20 SM-sarja,Ilves,https://www.eliteprospects.com/player/1032870/roni-kuukasjarvi
55,Jake Prunty,RD,USHL,USDP,https://www.eliteprospects.com/player/978951/jake-prunty
56,Daniil Savin,C,MHL,SKA-1946,https://www.eliteprospects.com/player/1057262/daniil-savin
57,Rocco Pelosi,C,USHL,USDP,https://www.eliteprospects.com/player/701312/rocco-pelosi
58,Ilya Kolmakov,LW,QMJHL,Sherbrooke,https://www.eliteprospects.com/player/896021/ilya-kolmakov
59,Jonas Schwarz,RW/C,U20 SM-sarja,Lukko,https://www.eliteprospects.com/player/915294/jonas-schwarz
60,Cam Warren,F,OHL,North Bay,https://www.eliteprospects.com/player/701379/camryn-warren
61,Loui Karlsson,RW,U20 Nationell,Leksands IF,https://www.eliteprospects.com/player/1009026/loui-karlsson
62,Benjamin Nyström,F,U20 Nationell,Luleå HF,https://www.eliteprospects.com/player/1053297/benjamin-nystrom
63,Oliver Sundberg,RW,U20 Nationell,Djurgårdens IF,https://www.eliteprospects.com/player/978511/oliver-sundberg
64,Brenner Lammens,C,OHL,Sarnia,https://www.eliteprospects.com/player/1022121/brenner-lammens
65,Finnegan Sears,LW,USHL,USDP,https://www.eliteprospects.com/player/701476/finnegan-sears
66,Trevor Daley Jr.,LW,OHL,Soo,https://www.eliteprospects.com/player/701361/trevor-daley-jr
67,Alex Forrest,LD,OHL,Kitchener,https://www.eliteprospects.com/player/1032811/alex-forrest
68,Wiggo Forsberg,F,U20 Nationell,Frölunda HC,https://www.eliteprospects.com/player/971729/wiggo-forsberg
69,Kaden McGregor,C,OHL,Brantford,https://www.eliteprospects.com/player/701314/kaden-mcgregor
70,Keaton Ardagh,RW,OHL,Brampton,https://www.eliteprospects.com/player/987206/keaton-ardagh
71,Maxim Simko,C,USHL,Muskegon,https://www.eliteprospects.com/player/937119/maxim-simko
72,Charlie Murata,F,OHL,Flint,https://www.eliteprospects.com/player/987179/charlie-murata
73,Easton Walos,C,OHL,Sarnia,https://www.eliteprospects.com/player/862359/easton-walos
74,Prabh Bhathal,F,WHL,Brandon,https://www.eliteprospects.com/player/970435/prabh-bhathal
75,Grady Pichette,RD,WHL,Lethbridge,https://www.eliteprospects.com/player/879898/grady-pichette
76,Adam Nemec,LW,OHL,Brantford,https://www.eliteprospects.com/player/986792/adam-nemec
77,Roman Kozhevnikov,LW,VHL,Chelmet Chelyabinsk,https://www.eliteprospects.com/player/995203/roman-kozhevnikov
78,Ben Harvey,F,WHL,Prince Albert,https://www.eliteprospects.com/player/701506/ben-harvey
79,Felix Timraz-Westin,G,U20 Nationell,Växjö Lakers,https://www.eliteprospects.com/player/887865/felix-timraz-westin
80,Illarion Babkin,RD,MHL,Spartak-MAH Moskva,https://www.eliteprospects.com/player/1138530/illarion-babkin
